name,value1,value2,value3,comment
front_hardpoint,x,y,z,front_suspension_hardpoints
folf,1250,800,180,outboard_LCA_front
filf,1400,500,180,inboard_LCA_front
folr,1250,800,180,outboard_LCA_rear
filr,1100,500,180,inboard_LCA_rear
fouf,1200,750,400,outboard_UCA_front
fiuf,1350,600,400,inboard_UCA_front
four,1200,750,400,outboard_UCA_rear
fiur,1100,600,400,inboard_UCA_rear
foa,1250,700,200,outboard_ACTUATION
fia,1200,650,700,inboard_ACTUATION
fot,1150,800,250,outboard_TIEROD
fit,1125,500,250,inboard_TIEROD
rear_hardpoint,x,y,z,comment
rolf,-1256,800,180,outboard_LCA_front
rilf,-1100,500,180,inboard_LCA_front
rolr,-1300,800,180,outboard_LCA_rear
rilr,-1400,500,180,inboard_LCA_rear
rouf,-1256,750,400,outboard_UCA_front
riuf,-1200,600,400,inboard_UCA_front
rour,-1275,750,400,outboard_UCA_rear
riur,-1350,600,400,inboard_UCA_rear
roa,-1275,700,200,outboard_ACTUATION
ria,-1275,600,400,inboard_ACTUATION
rot,-1400,800,350,outboard_TIEROD
rit,-1400,500,350,inboard_TIEROD
,,,,
Vehicle data,Value,,,comment
wheelbase,2500,,,Wheelbase of the vehicle
front_track,1700,,,Front track width
rear_track,1700,,,Rear track width
f_tyre_diameter,565,,,Front Tyre diameter
r_tyre_diameter,565,,,Rear Tyre diameter
f_rim_diameter,406.4,,,Front Rim diameter
r_rim_diameter,406.4,,,Rear Rim diameter
f_tyre_width,225,,,Front Tyre width
r_tyre_width,225,,,Rear Tyre diameter
weight,1665,,,Weight of the vehicle
weight_distribution,46,,,Front weight distribution
cog_height,650,,,Center of gravity height from ground
mu_static,0.85,,,Static friction coefficent
mu_kinetic,0.7,,,Dynamic friction coefficent
